site,x,y
MACKCC-L,122.73024,44.23907
MACKCC-M,122.70013,44.23901
MACKCC-U,122.69872,44.23745
MACKOG-L,122.680071,44.24398
MACKOG-M,122.70167,44.24045
MACKOG-U,122.75124,44.23089
